Adresse;Nom du site;Code postal;Nombre de bornes;Etat du site;Code Site;geo_shape;geo_point_2d
BERGE DE SEINE RIVE DROITE - SORTIE TUNNEL TUILERIES;BERGES RIVE DROITE - PONT NEUF;75001;1;Opérationnel;PW0149;"{""coordinates"": [2.335822356054447, 48.85937332543368], ""type"": ""Point""}";48.85937332543368,2.335822356054447
5B RUE DU LOUVRE;MAISON DE LA VIE ASSOCIATIVE ET CITOYENNE  1;75001;2;Opérationnel;PW0148;"{""coordinates"": [2.34115675500317, 48.8618833615023], ""type"": ""Point""}";48.8618833615023,2.34115675500317
32 RUE BERGER;JARDIN NELSON MANDELA;75001;2;Opérationnel;PW0110;"{""coordinates"": [2.34630372400731, 48.86146942215447], ""type"": ""Point""}";48.86146942215447,2.34630372400731
8 PORTE SAINT EUSTACHE;MEDIATHEQUE MUSICALE DE PARIS (HALLES);75001;2;Opérationnel;PW0020;"{""coordinates"": [2.345916105005208, 48.862650133028886], ""type"": ""Point""}";48.862650133028886,2.345916105005208
4 PLACE DU LOUVRE;QUARTIER JEUNES;75001;19;Opérationnel;PW0127;"{""coordinates"": [2.341064476164004, 48.860083526572126], ""type"": ""Point""}";48.860083526572126,2.341064476164004
1 PLACE DU LOUVRE;PREFOURRIERE LOUVRE;75001;1;Opérationnel;PW0227;"{""coordinates"": [2.340738421116781, 48.859324822757436], ""type"": ""Point""}";48.859324822757436,2.340738421116781
10 PASSAGE DE LA CANOPEE;MEDIATHEQUE LA CANOPEE LA FONTAINE;75001;5;Opérationnel;PW0143;"{""coordinates"": [2.347643903283826, 48.86181948548023], ""type"": ""Point""}";48.86181948548023,2.347643903283826
BERGE DE SEINE RIVE DROITE - SORTIE CHATELET;BERGES RIVE DROITE - PONT AU CHANGE;75001;1;Opérationnel;PW0193;"{""coordinates"": [2.347019924471973, 48.85742785373788], ""type"": ""Point""}";48.85742785373788,2.347019924471973
14 RUE DES PROUVAIRES;BIBLIOTHEQUE DU CINEMA FRANCOIS TRUFFAUT;75001;1;Opérationnel;PW0112;"{""coordinates"": [2.344154109508663, 48.86148891058231], ""type"": ""Point""}";48.86148891058231,2.344154109508663
BERGE DE SEINE RIVE DROITE - VIA FERRATA;BERGES RIVE DROITE - PONT AU CHANGE;75001;1;Opérationnel;PW0158;"{""coordinates"": [2.346563042652777, 48.857512783868636], ""type"": ""Point""}";48.857512783868636,2.346563042652777
8 RUE DE LA BANQUE;MAIRIE DU 2 EME;75002;1;Opérationnel;PW0034;"{""coordinates"": [2.340450799891371, 48.86683452754676], ""type"": ""Point""}";48.86683452754676,2.340450799891371
23 RUE GRENETA;MAISON DE LA VIE ASSOCIATIVE ET CITOYENNE 2;75002;1;Opérationnel;PW0036;"{""coordinates"": [2.35054940319118, 48.86508140493411], ""type"": ""Point""}";48.86508140493411,2.35054940319118
17 RUE LEOPOLD BELLAN;CENTRE SPORTIF JEAN DAME;75002;1;Opérationnel;PW0082;"{""coordinates"": [2.345506505320458, 48.86656834849909], ""type"": ""Point""}";48.86656834849909,2.345506505320458
2 PASSAGE DES PETITS PERES;BIBLIOTHEQUE CHARLOTTE DELBO;75002;2;Opérationnel;PW0134;"{""coordinates"": [2.340434491489431, 48.866507580054055], ""type"": ""Point""}";48.866507580054055,2.340434491489431
50 RUE DES TOURNELLES;MAISON DES INITIATIVES ETUDIANTES;75003;7;Opérationnel;PW0070;"{""coordinates"": [2.36739182012952, 48.856221957138], ""type"": ""Point""}";48.856221957138,2.36739182012952
3 RUE EUGENE SPULLER;MAISON DE LA VIE ASSOCIATIVE ET CITOYENNE 3/4;75003;1;Opérationnel;PW0019-1;"{""coordinates"": [2.362186544891376, 48.86402504205692], ""type"": ""Point""}";48.86402504205692,2.362186544891376
2 RUE EUGENE SPULLER;MAIRIE DU 3 EME;75003;2;Opérationnel;PW0019;"{""coordinates"": [2.361531961565591, 48.8639920263], ""type"": ""Point""}";48.8639920263,2.361531961565591
67 RUE TURBIGO;BOURSE DU TRAVAIL ANNEXE TURBIGO;75003;1;Opérationnel;PW0219;"{""coordinates"": [2.358004775693508, 48.86601657813311], ""type"": ""Point""}";48.86601657813311,2.358004775693508
27 RUE DE SEVIGNE;MUSEE CARNAVALET;75003;19;Opérationnel;PW0233;"{""coordinates"": [2.362975092932358, 48.85754315834629], ""type"": ""Point""}";48.85754315834629,2.362975092932358
8-12 RUE PORTEFOIN;BIBLIOTHEQUE MARGUERITE AUDOUX;75003;2;Opérationnel;PW0044;"{""coordinates"": [2.359846256600825, 48.86376892355013], ""type"": ""Point""}";48.86376892355013,2.359846256600825
85 RUE CHARLOT;BOURSE DU TRAVAIL ANNEXE CHARLOT;75003;1;Opérationnel;PW0220;"{""coordinates"": [2.365108017746905, 48.86514825320897], ""type"": ""Point""}";48.86514825320897,2.365108017746905
8 RUE ELZEVIR;MUSEE COGNACQ-JAY;75003;14;Opérationnel;PW0251;"{""coordinates"": [2.361460361201677, 48.85817283984132], ""type"": ""Point""}";48.85817283984132,2.361460361201677
21 RUE BLANCS MANTEAUX;MAISON DES ACTEURS DU PARIS DURABLE;75004;3;Fermé pour travaux;PW0192;"{""coordinates"": [2.356872775538012, 48.85904965674071], ""type"": ""Point""}";48.85904965674071,2.356872775538012
RUE DU CLOITRE NOTRE DAME;SQUARE JEAN XXIII - 2;75004;1;Opérationnel;PW0067;"{""coordinates"": [2.35079596200768, 48.852501475068166], ""type"": ""Point""}";48.852501475068166,2.35079596200768
4 PLACE DE L HOTEL DE VILLE;HOTEL DE VILLE 3EME;75004;3;Opérationnel;PW0122-4;"{""coordinates"": [2.352901785985004, 48.85632801355686], ""type"": ""Point""}";48.85632801355686,2.352901785985004
4 PLACE DE L HOTEL DE VILLE;HOTEL DE VILLE 2EME;75004;6;Opérationnel;PW0122-3;"{""coordinates"": [2.352685785891044, 48.85602609046494], ""type"": ""Point""}";48.85602609046494,2.352685785891044
30 PLACE DES VOSGES;SQUARE LOUIS XIII;75004;1;Opérationnel;PW0163;"{""coordinates"": [2.365658403131317, 48.855630783910044], ""type"": ""Point""}";48.855630783910044,2.365658403131317
4 PLACE DE L'HOTEL DE VILLE;HOTEL DE VILLE SOUS SOL;75004;3;Opérationnel;PW0122;"{""coordinates"": [2.352648313015422, 48.856763442143226], ""type"": ""Point""}";48.856763442143226,2.352648313015422
QUAI DE L'HOTEL DE VILLE;JARDIN FREDERICO GARCIA LORCA - SQUARE HDV;75004;1;Opérationnel;PW0191;"{""coordinates"": [2.353240934008803, 48.85471050547104], ""type"": ""Point""}";48.85471050547104,2.353240934008803
2 PLACE BAUDOYER;ACADEMIE DU CLIMAT;75004;32;Opérationnel;PW0132;"{""coordinates"": [2.355756901105178, 48.856271607867846], ""type"": ""Point""}";48.856271607867846,2.355756901105178
48 RUE VIEILLE DU TEMPLE;LES BLANCS MANTEAUX;75004;2;Opérationnel;PW0121;"{""coordinates"": [2.358392357177399, 48.858261325151034], ""type"": ""Point""}";48.858261325151034,2.358392357177399
PLACE DE L HOTEL DE VILLE;HOTEL DE VILLE 1ER;75004;3;Opérationnel;PW0122-2;"{""coordinates"": [2.352261859070027, 48.85608287395022], ""type"": ""Point""}";48.85608287395022,2.352261859070027
4 PLACE DE L'HOTEL DE VILLE;HOTEL DE VILLE 4EME;75004;6;Opérationnel;PW0122-5;"{""coordinates"": [2.353171823279209, 48.85686653543352], ""type"": ""Point""}";48.85686653543352,2.353171823279209
4 PLACE DE L HOTEL DE VILLE;HOTEL DE VILLE PARVIS RIVOLI;75004;1;Opérationnel;PW0123-1;"{""coordinates"": [2.352351724212447, 48.857051850068956], ""type"": ""Point""}";48.857051850068956,2.352351724212447
24 RUE PAVEE;BIBLIOTHEQUE HISTORIQUE DE LA VILLE DE PARIS (BHVP);75004;1;Opérationnel;PW0043;"{""coordinates"": [2.361695904390476, 48.857065427924205], ""type"": ""Point""}";48.857065427924205,2.361695904390476
BERGE DE SEINE RIVE DROITE - QUAI DE GESVRES;BERGES RIVE DROITE - PONT D ARCOLE;75004;1;Opérationnel;PW0156;"{""coordinates"": [2.350834661285838, 48.8558319847793], ""type"": ""Point""}";48.8558319847793,2.350834661285838
BERGE DE SEINE RIVE DROITE - 5 QUAI DES CELESTINS;BERGES RIVE DROITE - LES NAUTES;75004;1;Opérationnel;PW0150;"{""coordinates"": [2.360310974496216, 48.85235333983582], ""type"": ""Point""}";48.85235333983582,2.360310974496216
BERGE DE SEINE RIVE DROITE -  QUAI DE GESVRES 2;BERGES RIVE DROITE - PONT NOTRE DAME;75004;1;Opérationnel;PW0181;"{""coordinates"": [2.3489230003257022, 48.856687570900185], ""type"": ""Point""}";48.856687570900185,2.3489230003257022
RUE DU CLOITRE NOTRE DAME;SQUARE JEAN XXIII - 1;75004;1;Fermé pour travaux;;"{""coordinates"": [2.350670607814152, 48.85244200134777], ""type"": ""Point""}";48.85244200134777,2.350670607814152
88 RUE DE RIVOLI;SQUARE DE LA TOUR SAINT JACQUES;75004;1;Opérationnel;PW0153;"{""coordinates"": [2.349220101454865, 48.85804072427662], ""type"": ""Point""}";48.85804072427662,2.349220101454865
9 PLACE DE L HOTEL DE VILLE;HOTEL DE VILLE  PARVIS  9;75004;1;Opérationnel;PW0119;"{""coordinates"": [2.351277612149236, 48.85727328251876], ""type"": ""Point""}";48.85727328251876,2.351277612149236
1 RUE DU FIGUIER;BIBLIOTHEQUE FORNEY;75004;4;Opérationnel;PW0050;"{""coordinates"": [2.359179237268959, 48.853423533989464], ""type"": ""Point""}";48.853423533989464,2.359179237268959
2 PLACE BAUDOYER;BIBLIOTHEQUE ARTHUR RIMBAUD;75004;2;Opérationnel;PW0132-2;"{""coordinates"": [2.3559375242406873, 48.85613837361524], ""type"": ""Point""}";48.85613837361524,2.3559375242406873
6 PLACE DES VOSGES;MUSEE VICTOR HUGO;75004;9;Opérationnel;PW0237;"{""coordinates"": [2.366168524762721, 48.85477276860284], ""type"": ""Point""}";48.85477276860284,2.366168524762721
4 PLACE DE L'HOTEL DE VILLE;HOTEL DE VILLE RDC;75004;4;Opérationnel;PW0122-1;"{""coordinates"": [2.35238826700578, 48.85638968298792], ""type"": ""Point""}";48.85638968298792,2.35238826700578
4 PLACE DE L'HOTEL DE VILLE;HOTEL DE VILLE PARVIS SEINE;75004;1;Opérationnel;PW0123;"{""coordinates"": [2.35175507673093, 48.8563193139378], ""type"": ""Point""}";48.8563193139378,2.35175507673093
15 B RUE BUFFON;BIBLIOTHEQUE BUFFON;75005;3;Opérationnel;PW0111;"{""coordinates"": [2.361868243596555, 48.842546608019944], ""type"": ""Point""}";48.842546608019944,2.361868243596555
39 B RUE POLIVEAU;CENTRE SPORTIF POLIVEAU;75005;1;Opérationnel;PW0090;"{""coordinates"": [2.357480751841143, 48.839812146077996], ""type"": ""Point""}";48.839812146077996,2.357480751841143
12 RUE DES ECOLES;SQUARE PAUL LANGEVIN;75005;2;Opérationnel;PW0154;"{""coordinates"": [2.34964310762926, 48.848084907658944], ""type"": ""Point""}";48.848084907658944,2.34964310762926
48-50 RUE DU CARDINAL LEMOINE;BIBLIOTHEQUE DES LITTERATURES POLICIERES;75005;2;Opérationnel;PW0138;"{""coordinates"": [2.351181030723315, 48.84643022998531], ""type"": ""Point""}";48.84643022998531,2.351181030723315
6-12 RUE DES PRETRES ST-SEVERIN;BIBLIOTHEQUE HEURE JOYEUSE;75005;2;Opérationnel;PW0136;"{""coordinates"": [2.344948218913558, 48.85190101045929], ""type"": ""Point""}";48.85190101045929,2.344948218913558
4 RUE DES ARENES;MAISON DE LA VIE ASSOCIATIVE ET CITOYENNE QUARTIER LATIN 5;75005;2;Opérationnel;PW0026;"{""coordinates"": [2.3542064419028152, 48.845112192168884], ""type"": ""Point""}";48.845112192168884,2.3542064419028152
74 RUE MOUFFETARD;BIBLIOTHEQUE MOHAMMED ARKOUN;75005;2;Opérationnel;PW0126;"{""coordinates"": [2.349673760661307, 48.84249352852194], ""type"": ""Point""}";48.84249352852194,2.349673760661307
21 PLACE DU PANTHEON;MAIRIE DU 5 EME;75005;2;Opérationnel;PW0021;"{""coordinates"": [2.344580878695055, 48.846191708958614], ""type"": ""Point""}";48.846191708958614,2.344580878695055
88 T BOULEVARD DE PORT-ROYAL;BIBLIOTHEQUE RAINER MARIA RILKE;75005;2;Opérationnel;PW0115;"{""coordinates"": [2.338781673488586, 48.839306988804566], ""type"": ""Point""}";48.839306988804566,2.338781673488586
8 RUE SCIPION;SQUARE THEODORE MONOD;75005;1;Opérationnel;PW0155;"{""coordinates"": [2.353777536666723, 48.83839921606968], ""type"": ""Point""}";48.83839921606968,2.353777536666723
5 RUE MICHELET;JARDIN DES GRANDS EXPLORATEURS;75006;1;Opérationnel;PW0208;"{""coordinates"": [2.336705703948916, 48.841388566111874], ""type"": ""Point""}";48.841388566111874,2.336705703948916
78 RUE BONAPARTE;MAIRIE DU 6 EME;75006;1;Opérationnel;PW0128;"{""coordinates"": [2.332611370193369, 48.85053652689776], ""type"": ""Point""}";48.85053652689776,2.332611370193369
76B RUE DE RENNES;MAISON DES INITIATIVES ETUDIANTES LABO6;75006;4;Opérationnel;PW0146;"{""coordinates"": [2.330443623016365, 48.851242609525265], ""type"": ""Point""}";48.851242609525265,2.330443623016365
78 BOULEVARD RASPAIL;BIBLIOTHEQUE ANDRE MALRAUX;75006;2;Opérationnel;PW0118;"{""coordinates"": [2.327594336081364, 48.848109737334205], ""type"": ""Point""}";48.848109737334205,2.327594336081364
100 BIS RUE D ASSAS;MUSEE ZADKINE;75006;3;Opérationnel;PW0238;"{""coordinates"": [2.3334967424001, 48.84326818049579], ""type"": ""Point""}";48.84326818049579,2.3334967424001
AVENUE CHARLES RISLER;PARC CHAMPS DE MARS - 1;75007;1;Opérationnel;PW0165;"{""coordinates"": [2.293339063475273, 48.85697941031564], ""type"": ""Point""}";48.85697941031564,2.293339063475273
116 RUE DE GRENELLE;BIBLIOTHEQUE SAINT SIMON;75007;1;Opérationnel;PW0022-1;"{""coordinates"": [2.320043697435677, 48.85686647665855], ""type"": ""Point""}";48.85686647665855,2.320043697435677
AVENUE CHARLES RISLER;PARC CHAMPS DE MARS - 2;75007;1;Opérationnel;PW0165-1;"{""coordinates"": [2.300190630733142, 48.85461012252293], ""type"": ""Point""}";48.85461012252293,2.300190630733142
PORT DE SOLFERINO;BERGES RIVE GAUCHE - EMMARCHEMENT;75007;2;Opérationnel;PW0207;"{""coordinates"": [2.324356570020385, 48.861416641848194], ""type"": ""Point""}";48.861416641848194,2.324356570020385
93 QUAI D ORSAY;MUSEE DES EGOUTS;75007;15;Opérationnel;PW0243;"{""coordinates"": [2.302383002711747, 48.86207328848182], ""type"": ""Point""}";48.86207328848182,2.302383002711747
164 RUE DE GRENELLE;BIBLIOTHEQUE AMELIE;75007;1;Opérationnel;PW0059;"{""coordinates"": [2.308989882814166, 48.85806889772535], ""type"": ""Point""}";48.85806889772535,2.308989882814166
35 AVENUE DE LA BOURDONNAIS;GYMNASE CAMOU;75007;3;Opérationnel;PW0250;"{""coordinates"": [2.2992737787183, 48.85839961990188], ""type"": ""Point""}";48.85839961990188,2.2992737787183
93 RUE SAINT DOMINIQUE;MAISON DE LA VIE ASSOCIATIVE ET CITOYENNE 7;75007;1;Opérationnel;PW0027;"{""coordinates"": [2.3072264832610783, 48.8595702097367], ""type"": ""Point""}";48.8595702097367,2.3072264832610783
116 RUE DE GRENELLE;MAIRIE DU 7 EME;75007;1;Opérationnel;PW0022;"{""coordinates"": [2.320043697435677, 48.85686647665855], ""type"": ""Point""}";48.85686647665855,2.320043697435677
PORT DU GROS CAILLOU;BERGES RIVE GAUCHE - JARDIN FLOTTANT;75007;3;Opérationnel;PW0189;"{""coordinates"": [2.30452468193794, 48.86296417505912], ""type"": ""Point""}";48.86296417505912,2.30452468193794
1 RUE PAUL ET JEAN LEROLLE;ESPLANADE DES INVALIDES;75007;1;Opérationnel;PW0161;"{""coordinates"": [2.312894263966204, 48.85818974233775], ""type"": ""Point""}";48.85818974233775,2.312894263966204
6 RUE MASSERAN;GYMNASE MASSERAN;75007;4;En étude;PW0251;"{""coordinates"": [2.313819200912687, 48.848770748398636], ""type"": ""Point""}";48.848770748398636,2.313819200912687
PORT DE SOLFERINO;BERGES RIVE GAUCHE - LA HALLE;75007;3;Fermé pour travaux;PW0190;"{""coordinates"": [2.32506543396433, 48.86114845894017], ""type"": ""Point""}";48.86114845894017,2.32506543396433
AVENUE EDWARD TUCK;PROMENADE DES CHAMPS ELYSEES - KIOSQUE A MUSIQUE;75008;2;Opérationnel;PW0196;"{""coordinates"": [2.317839768979231, 48.86528730587914], ""type"": ""Point""}";48.86528730587914,2.317839768979231
3 RUE DE LISBONNE;BIBLIOTHEQUE EUROPE;75008;2;Opérationnel;PW0124;"{""coordinates"": [2.317486478723445, 48.8777513840169], ""type"": ""Point""}";48.8777513840169,2.317486478723445
AVENUE WINSTON CHURCHILL 75008;MUSEE DU PETIT PALAIS;75008;6;Opérationnel;PW0232;"{""coordinates"": [2.315223938763026, 48.866081939509414], ""type"": ""Point""}";48.866081939509414,2.315223938763026
1 PLACE DE LA REPUBLIQUE DOMINICAINE;PARC MONCEAU  - ENTREE PARC;75008;3;Opérationnel;PW0151-1;"{""coordinates"": [2.307499076107147, 48.87994077004261], ""type"": ""Point""}";48.87994077004261,2.307499076107147
28 RUE LAURE DIEBOLD;MAISON DE LA VIE ASSOCIATIVE ET CITOYENNE  8;75008;2;Opérationnel;PW0047;"{""coordinates"": [2.304784825574433, 48.87602928391506], ""type"": ""Point""}";48.87602928391506,2.304784825574433
7 AVENUE VELASQUEZ;MUSEE CERNUSCHI;75008;17;Opérationnel;PW0247;"{""coordinates"": [2.312523099981508, 48.8794445126079], ""type"": ""Point""}";48.8794445126079,2.312523099981508
1-3 PLACE DE LA REPUBLIQUE DOMINICAINE;PARC MONCEAU - ALLEE CONTESSE DE SEGUR;75008;4;Opérationnel;PW0151;"{""coordinates"": [2.309839896973783, 48.880262340729686], ""type"": ""Point""}";48.880262340729686,2.309839896973783
7 ALLEE LOUIS DE FUNES;CS JACQUELINE AURIOL;75008;1;Opérationnel;PW0095;"{""coordinates"": [2.304626719021802, 48.87536457154315], ""type"": ""Point""}";48.87536457154315,2.304626719021802
3 RUE DE LISBONNE;MAIRIE DU 8 EME;75008;1;Opérationnel;PW0024;"{""coordinates"": [2.317486478723445, 48.8777513840169], ""type"": ""Point""}";48.8777513840169,2.317486478723445
35 RUE VICTOR MASSE;MAISON DE LA VIE ASSOCIATIVE ET CITOYENNE  9 ANNEXE;75009;1;Opérationnel;PW0038;"{""coordinates"": [2.337010883062689, 48.88094098309762], ""type"": ""Point""}";48.88094098309762,2.337010883062689
PLACE D'ANVERS;SQUARE D'ANVERS;75009;1;Opérationnel;PW0184;"{""coordinates"": [2.344520519971863, 48.88231742995314], ""type"": ""Point""}";48.88231742995314,2.344520519971863
24 RUE DE ROCHECHOUART;BIBLIOTHEQUE VALEYRE;75009;2;Opérationnel;PW0142;"{""coordinates"": [2.34502151233773, 48.87796726487002], ""type"": ""Point""}";48.87796726487002,2.34502151233773
16 RUE CHAPTAL;MUSEE DE LA VIE ROMANTIQUE;75009;5;Opérationnel;PW0248;"{""coordinates"": [2.33316632839133, 48.880937774959314], ""type"": ""Point""}";48.880937774959314,2.33316632839133
RUE LA FAYETTE;SQUARE MONTHOLON;75009;1;Opérationnel;PW0186;"{""coordinates"": [2.346405003129445, 48.876901657285096], ""type"": ""Point""}";48.876901657285096,2.346405003129445
54 RUE PIGALLE;MAISON DE LA VIE ASSOCIATIVE ET CITOYENNE  9;75009;1;Opérationnel;PW0037;"{""coordinates"": [2.335936611209823, 48.88097813417975], ""type"": ""Point""}";48.88097813417975,2.335936611209823
1 PLACE D ESTIENNES D ORVES;SQUARE TRINITE D ESTIENNE D ORVES;75009;1;Opérationnel;PW0176;"{""coordinates"": [2.331798275213253, 48.87659566954102], ""type"": ""Point""}";48.87659566954102,2.331798275213253
11 RUE DROUOT;BIBLIOTHEQUE DROUOT;75009;1;Opérationnel;PW0060;"{""coordinates"": [2.340452056446281, 48.87339027391681], ""type"": ""Point""}";48.87339027391681,2.340452056446281
26 RUE CHAPTAL;BIBLIOTHEQUE CHAPTAL;75009;2;Opérationnel;PW0109;"{""coordinates"": [2.332345559826885, 48.881111335939714], ""type"": ""Point""}";48.881111335939714,2.332345559826885
6 RUE DROUOT;MAIRIE DU 9 EME;75009;1;Opérationnel;PW0131;"{""coordinates"": [2.340480602150851, 48.872591602361176], ""type"": ""Point""}";48.872591602361176,2.340480602150851
8 RUE LEON SCHWARTZENBERG;MEDIATHEQUE FRANCOISE SAGAN;75010;13;Opérationnel;PW0147;"{""coordinates"": [2.353666772968424, 48.87542987081136], ""type"": ""Point""}";48.87542987081136,2.353666772968424
81 BOULEVARD DE LA VILLETTE;BIBLIOTHEQUE FRANCOIS VILLON;75010;4;Opérationnel;PW0116;"{""coordinates"": [2.37079691969116, 48.877205434154426], ""type"": ""Point""}";48.877205434154426,2.37079691969116
3 RUE DU CHATEAU D EAU;BOURSE DU TRAVAIL;75010;3;Opérationnel;PW0215;"{""coordinates"": [2.361997406270607, 48.86910541253627], ""type"": ""Point""}";48.86910541253627,2.361997406270607
150 QUAI DE VALMY;JARDIN DES BERGES DU CANAL SAINT MARTIN;75010;1;Opérationnel;PW0194;"{""coordinates"": [2.367206668709812, 48.8801112154069], ""type"": ""Point""}";48.8801112154069,2.367206668709812
17 RUE BOY ZELENSKI;CENTRE SPORTIF DE LA GRANGE AUX BELLES;75010;1;Opérationnel;PW0077;"{""coordinates"": [2.368390340217362, 48.877430616544906], ""type"": ""Point""}";48.877430616544906,2.368390340217362
72 RUE DU FAUBOURG SAINT MARTIN;MAIRIE DU 10 EME;75010;2;Opérationnel;PW0010;"{""coordinates"": [2.357382644948621, 48.87178451190305], ""type"": ""Point""}";48.87178451190305,2.357382644948621
11 SQUARE ALBAN SATRAGNE;GYMNASE MARIE PARADIS;75010;1;Opérationnel;PW0097;"{""coordinates"": [2.355248428182183, 48.87545394069122], ""type"": ""Point""}";48.87545394069122,2.355248428182183
35 QUAI DE JEMMAPES;SQUARE FREDERIC LEMAITRE;75010;1;Opérationnel;PW0197;"{""coordinates"": [2.367112330251715, 48.878838631646886], ""type"": ""Point""}";48.878838631646886,2.367112330251715
8 RUE DES RECOLLETS;JARDIN VILLEMIN;75010;2;Opérationnel;PW0164;"{""coordinates"": [2.361904938537223, 48.874498828303075], ""type"": ""Point""}";48.874498828303075,2.361904938537223
88 QUAI DE VALMY;SQUARE DES RECOLLETS;75010;1;Opérationnel;PW0210;"{""coordinates"": [2.363611617977898, 48.87320402026159], ""type"": ""Point""}";48.87320402026159,2.363611617977898
206 QUAI DE VALMY;MAISON DE LA VIE ASSOCIATIVE ET CITOYENNE  10;75010;1;Opérationnel;PW0028;"{""coordinates"": [2.368720066964892, 48.88178411021711], ""type"": ""Point""}";48.88178411021711,2.368720066964892
8 RUE DU GENERAL RENAULT;MAISON DE LA VIE ASSOCIATIVE ET CITOYENNE  11;75011;2;Opérationnel;PW0029;"{""coordinates"": [2.378502475675964, 48.861265925542334], ""type"": ""Point""}";48.861265925542334,2.378502475675964
5 AVENUE JEAN AICARD;SQUARE JEAN AICARD;75011;1;Opérationnel;PW0152;"{""coordinates"": [2.381272316972541, 48.864908624429034], ""type"": ""Point""}";48.864908624429034,2.381272316972541
19B RUE DE L ORILLON;SQUARE ORILLON JULES VERNES;75011;1;Opérationnel;PW0056;"{""coordinates"": [2.375117284276381, 48.86989268070317], ""type"": ""Point""}";48.86989268070317,2.375117284276381
46B RUE DE SAINT MAUR;SERVICE TECHNIQUE DES BIBLIOTHEQUES;75011;1;Opérationnel;PW0998;"{""coordinates"": [2.380308769510553, 48.86221123845906], ""type"": ""Point""}";48.86221123845906,2.380308769510553
2 RUE DU GENERAL BLAISE RUE LACHARRIERE;SQUARE MAURICE GARDETTE;75011;1;Opérationnel;PW0205;"{""coordinates"": [2.379072517053181, 48.86108519335692], ""type"": ""Point""}";48.86108519335692,2.379072517053181
2 RUE JAPY;GYMNASE JAPY;75011;1;Opérationnel;PW0096;"{""coordinates"": [2.382453535830383, 48.85587141220044], ""type"": ""Point""}";48.85587141220044,2.382453535830383
67 BOULEVARD RICHARD LENOIR;PROMENADE RICHARD LENOIR;75011;1;Opérationnel;PW0206;"{""coordinates"": [2.372221416816595, 48.860512794097644], ""type"": ""Point""}";48.860512794097644,2.372221416816595
115 BOULEVARD DE CHARONNE;CENTRE SPORTIF GEORGES RIGAL;75011;1;Opérationnel;PW0080;"{""coordinates"": [2.393868772427969, 48.85660341812767], ""type"": ""Point""}";48.85660341812767,2.393868772427969
9-11 RUE ALPHONSE BAUDIN;CENTRE SPORTIF COUR DES LIONS;75011;1;Opérationnel;PW0076;"{""coordinates"": [2.370343866923958, 48.86067412777188], ""type"": ""Point""}";48.86067412777188,2.370343866923958
159 RUE DE CHARONNE;SQUARE COLBERT;75011;1;Opérationnel;PW0160;"{""coordinates"": [2.389595542248922, 48.855591936732615], ""type"": ""Point""}";48.855591936732615,2.389595542248922
2 PLACE LEON BLUM;MAIRIE DU 11 EME;75011;1;Opérationnel;PW0011;"{""coordinates"": [2.381003400476269, 48.85807993154853], ""type"": ""Point""}";48.85807993154853,2.381003400476269
18 RUE FAIDHERBE;MEDIATHEQUE VIOLETTE LEDUC;75011;4;Opérationnel;PW0049;"{""coordinates"": [2.383960070968056, 48.851595552840706], ""type"": ""Point""}";48.851595552840706,2.383960070968056
4 RUE SERVAN - SQUARE DE LA ROQUETTE;SQUARE LA PETITE ROQUETTE;75011;1;Opérationnel;PW0068;"{""coordinates"": [2.384187633080559, 48.859124367471004], ""type"": ""Point""}";48.859124367471004,2.384187633080559
2 PASSAGE DUMAS;SQUARE DES JARDINIERS;75011;1;Opérationnel;PW0203;"{""coordinates"": [2.390250086858032, 48.85209002148713], ""type"": ""Point""}";48.85209002148713,2.390250086858032
25 BOULEVARD RICHARD LENOIR;SQUARE BREGUET SABIN;75011;2;Opérationnel;PW0177;"{""coordinates"": [2.370479661100423, 48.8570974891207], ""type"": ""Point""}";48.8570974891207,2.370479661100423
20 AVENUE PARMENTIER;BIBLIOTHEQUE PARMENTIER;75011;1;Opérationnel;PW0052;"{""coordinates"": [2.379034961498105, 48.86009629404829], ""type"": ""Point""}";48.86009629404829,2.379034961498105
23 RUE DU COLONEL ROZANOFF;BIBLIOTHEQUE SAINT ELOI;75012;2;Opérationnel;PW0141;"{""coordinates"": [2.387110986075708, 48.84552915718272], ""type"": ""Point""}";48.84552915718272,2.387110986075708
13 RUE ANTOINE JULIEN HENARD;PISCINE JEAN BOITEUX;75012;1;Opérationnel;PW0106;"{""coordinates"": [2.389397789011499, 48.842147212693675], ""type"": ""Point""}";48.842147212693675,2.389397789011499
70 RUE DE PICPUS;BIBLIOTHEQUE HELENE BERR;75012;4;Opérationnel;PW0051;"{""coordinates"": [2.397476889678179, 48.84254112148939], ""type"": ""Point""}";48.84254112148939,2.397476889678179
15 RUE DE LA NOUVELLE CALEDONIE;CENTRE SPORTIF PAUL VALERY;75012;1;Opérationnel;PW0087;"{""coordinates"": [2.410429161569746, 48.83800252906541], ""type"": ""Point""}";48.83800252906541,2.410429161569746
1 COUR CHAMONARD;PARC DE BERCY (MAISON DU LAC);75012;1;Opérationnel;PW0058-1;"{""coordinates"": [2.384532226240481, 48.83507864071957], ""type"": ""Point""}";48.83507864071957,2.384532226240481
42 AVENUE DAUMESNIL;BIBLIOTHEQUE DIDEROT;75012;1;Opérationnel;PW0135;"{""coordinates"": [2.377716139560769, 48.84596671657269], ""type"": ""Point""}";48.84596671657269,2.377716139560769
17 CITE MOYNET;CENTRE SPORTIF LEON MOTTOT;75012;1;Opérationnel;PW0086;"{""coordinates"": [2.386629495395026, 48.8438656928756], ""type"": ""Point""}";48.8438656928756,2.386629495395026
68 BOULEVARD PONIATOWSKI;CENTRE SPORTIF LEO LAGRANGE;75012;1;Opérationnel;PW0084;"{""coordinates"": [2.399334335935606, 48.8321648675282], ""type"": ""Point""}";48.8321648675282,2.399334335935606
1 COUR CHAMONARD;PARC DE BERCY (ORANGERIE);75012;2;Opérationnel;PW0058-2;"{""coordinates"": [2.383252259533802, 48.836091766026286], ""type"": ""Point""}";48.836091766026286,2.383252259533802
ROUTE DE LA PYRAMIDE;PARC FLORAL;75012;5;Opérationnel;PW0200;"{""coordinates"": [2.439835247184326, 48.840125544936114], ""type"": ""Point""}";48.840125544936114,2.439835247184326
1 COUR CHAMONARD;PARC DE BERCY (TERRASSE BERCY);75012;2;Opérationnel;PW0058-3;"{""coordinates"": [2.382350243699965, 48.83681071348854], ""type"": ""Point""}";48.83681071348854,2.382350243699965
227 RUE DE BERCY;DIR SYSTEMES INFORMATION ET NUMERIQUE;75012;4;Opérationnel;PW0999;"{""coordinates"": [2.369705547091575, 48.846475645558336], ""type"": ""Point""}";48.846475645558336,2.369705547091575
130 AVENUE DAUMESNIL;MAIRIE DU 12 EME;75012;2;Opérationnel;PW0012;"{""coordinates"": [2.388337487704945, 48.841104078480036], ""type"": ""Point""}";48.841104078480036,2.388337487704945
21 RUE ANTOINE JULIEN HENARD;ESPACE REUILLY;75012;3;Opérationnel;PW0222;"{""coordinates"": [2.389633084390788, 48.84251862032188], ""type"": ""Point""}";48.84251862032188,2.389633084390788
11 RUE ANTOINE JULIEN HENARD;GYMNASE REUILLY;75012;1;Opérationnel;PW0099;"{""coordinates"": [2.389171441921968, 48.84170547884535], ""type"": ""Point""}";48.84170547884535,2.389171441921968
38 AVENUE DAUMESNIL;COULEE VERTE - BASTILLE;75012;1;Opérationnel;PW0216;"{""coordinates"": [2.376419516945574, 48.84718308901555], ""type"": ""Point""}";48.84718308901555,2.376419516945574
30 RUE DU FAUBOURG SAINT ANTOINE;ACTIVITES ARTISANALES ET CREATION DU 12EME;75012;3;Opérationnel;PW0120;"{""coordinates"": [2.371645435064271, 48.852406612488366], ""type"": ""Point""}";48.852406612488366,2.371645435064271
1 COURS SAIT EMILION;PARC DE BERCY (JARDINAGE);75012;1;Opérationnel;PW0058;"{""coordinates"": [2.385483176701273, 48.83241898581484], ""type"": ""Point""}";48.83241898581484,2.385483176701273
AVENUE DAUMESNIL - COIN RUE RAMBOUILLET;COULEE VERTE - DAUMESNIL RAMBOUILLET;75012;1;Opérationnel;PW0217;"{""coordinates"": [2.381615767605796, 48.84467620670815], ""type"": ""Point""}";48.84467620670815,2.381615767605796
181 AVENUE DAUMESNIL;MAISON DE LA VIE ASSOCIATIVE ET CITOYENNE 12;75012;6;Opérationnel;PW0030;"{""coordinates"": [2.392506776531803, 48.84048781257586], ""type"": ""Point""}";48.84048781257586,2.392506776531803
70 RUE DUNOIS;CENTRE SPORTIF DUNOIS;75013;1;Opérationnel;PW0079;"{""coordinates"": [2.366278587662253, 48.83317032166053], ""type"": ""Point""}";48.83317032166053,2.366278587662253
147 BOULEVARD VINCENT AURIOL;SQUARE DE LA RAFFINERIE SAY;75013;1;Opérationnel;PW0174;"{""coordinates"": [2.3620434010445353, 48.83256937742215], ""type"": ""Point""}";48.83256937742215,2.3620434010445353
RUE JEAN ANOUILH;SQUARE GEORGES DUHAMEL;75013;1;Opérationnel;PW0171;"{""coordinates"": [2.377611889269577, 48.83191582844804], ""type"": ""Point""}";48.83191582844804,2.377611889269577
6 PLACE LEVI STRAUSS;PERMIS DE CONSTRUIRE - USAGER;75013;1;Opérationnel;PW0223;"{""coordinates"": [2.37528632402452, 48.830418305303915], ""type"": ""Point""}";48.830418305303915,2.37528632402452
213 BOULEVARD VINCENT AURIOL;BIBLIOTHEQUE ITALIE;75013;1;Opérationnel;PW0114;"{""coordinates"": [2.356754476729749, 48.830786809045556], ""type"": ""Point""}";48.830786809045556,2.356754476729749
81 BOULEVARD MASSENA;CENTRE SPORTIF GEORGES CARPENTIER - BATIMENT TENNIS;75013;1;Opérationnel;PW0103-2;"{""coordinates"": [2.367308749603462, 48.82049066987803], ""type"": ""Point""}";48.82049066987803,2.367308749603462
105 RUE JEANNE D ARC;SQUARE GUSTAVE MESUREUR;75013;1;Opérationnel;PW0178;"{""coordinates"": [2.362791895302856, 48.83384615455623], ""type"": ""Point""}";48.83384615455623,2.362791895302856
43 RUE CORVISART;SQUARE RENE LEGALL;75013;1;Opérationnel;PW0069;"{""coordinates"": [2.347419766430832, 48.83220679997316], ""type"": ""Point""}";48.83220679997316,2.347419766430832
81 BOULEVARD MASSENA;CENTRE SPORTIF GEORGES CARPENTIER;75013;4;Opérationnel;PW0103;"{""coordinates"": [2.368125151306785, 48.820237188844665], ""type"": ""Point""}";48.820237188844665,2.368125151306785
99 BOULEVARD KELLERMANN;STADE CHARLETY;75013;9;Opérationnel;PW0169;"{""coordinates"": [2.3467016527330182, 48.819334380975064], ""type"": ""Point""}";48.819334380975064,2.3467016527330182
69 BOULEVARD ARAGO;SQUARE HENRI CADIOU;75013;2;Opérationnel;PW0172;"{""coordinates"": [2.342222542830242, 48.83464904809935], ""type"": ""Point""}";48.83464904809935,2.342222542830242
22 RUE PIERRE GOURDAULT;SQUARE HELOISE ET ABELARD - PARIS NATURE MAISON DES 5 SENS;75013;1;Opérationnel;PW0066;"{""coordinates"": [2.370106953637173, 48.83091904359557], ""type"": ""Point""}";48.83091904359557,2.370106953637173
79 RUE NATIONALE;BIBLIOTHEQUE MELVILLE ET MARGUERITE DURAND;75013;3;Opérationnel;PW0221;"{""coordinates"": [2.366439911836686, 48.8267869710745], ""type"": ""Point""}";48.8267869710745,2.366439911836686
160 AVENUE DE CHOISY;PARC DE CHOISY;75013;2;Opérationnel;PW0062;"{""coordinates"": [2.35959561394622, 48.82775099396245], ""type"": ""Point""}";48.82775099396245,2.35959561394622
1 PLACE D ITALIE;MAIRIE DU 13 EME;75013;2;Opérationnel;PW0013;"{""coordinates"": [2.355313349237969, 48.83231441086375], ""type"": ""Point""}";48.83231441086375,2.355313349237969
79 BOULEVARD KELLERMANN;SQUARE JEAN CLAUDE NICOLAS FORESTIER;75013;2;Opérationnel;PW0179;"{""coordinates"": [2.347754755107914, 48.81983056005852], ""type"": ""Point""}";48.81983056005852,2.347754755107914
8 RUE THOMIRE;PREFOURRIERE CHARLETY;75013;1;Opérationnel;PW0224;"{""coordinates"": [2.348381648711728, 48.81939645595856], ""type"": ""Point""}";48.81939645595856,2.348381648711728
5 SQUARE DUNOIS;FOURRIERE CHEVALERET;75013;1;Opérationnel;PW0225;"{""coordinates"": [2.366942112192091, 48.833753192432994], ""type"": ""Point""}";48.833753192432994,2.366942112192091
160 AVENUE DE CHOISY;PARC DE CHOISY;75013;2;Opérationnel;PW0157;"{""coordinates"": [2.358626737402552, 48.828185823069624], ""type"": ""Point""}";48.828185823069624,2.358626737402552
20 RUE DE LA FONTAINE A MULARD;SQUARE PAUL GRIMAULT;75013;1;Opérationnel;PW0180;"{""coordinates"": [2.348775124598702, 48.823043579724974], ""type"": ""Point""}";48.823043579724974,2.348775124598702
11 RUE CAILLAUX;MAISON DE LA VIE ASSOCIATIVE ET CITOYENNE  13;75013;1;Opérationnel;PW0039;"{""coordinates"": [2.361318112511234, 48.822633345220225], ""type"": ""Point""}";48.822633345220225,2.361318112511234
17 AVENUE EDISON;CENTRE SPORTIF CHARLES MOUREU;75013;1;Opérationnel;PW0074;"{""coordinates"": [2.364134661375058, 48.82780123635454], ""type"": ""Point""}";48.82780123635454,2.364134661375058
81 BOULEVARD MASSENA (BUREAU CENTRE SPORTIF);CENTRE SPORTIF GEORGES CARPENTIER - BUREAU;75013;2;Opérationnel;PW0103-1;"{""coordinates"": [2.368446174308278, 48.82090327022334], ""type"": ""Point""}";48.82090327022334,2.368446174308278
132 RUE DE LA GLACIERE;BIBLIOTHEQUE GLACIERE MARINA TSVETAÏEVA;75013;2;Opérationnel;PW0125;"{""coordinates"": [2.341993716984507, 48.827318054189206], ""type"": ""Point""}";48.827318054189206,2.341993716984507
1 RUE JULIA BARTET;SQUARE JULIA BARTET;75014;1;Opérationnel;PW0183;"{""coordinates"": [2.302824808848507, 48.82568550112752], ""type"": ""Point""}";48.82568550112752,2.302824808848507
4 AVENUE DU COLONEL ROL TANGUY PAVILLON OUEST;MUSEE DE LA LIBERATION;75014;7;Opérationnel;PW0201;"{""coordinates"": [2.332014460030507, 48.833990634788535], ""type"": ""Point""}";48.833990634788535,2.332014460030507
BOULEVARD JOURDAN;PARC MONTSOURIS - STATION RER;75014;1;Opérationnel;PW0214;"{""coordinates"": [2.329491797866467, 48.822331067615], ""type"": ""Point""}";48.822331067615,2.329491797866467
12 RUE PIERRE CASTAGNOU;POINT PARIS EMPLOI;75014;1;Opérationnel;PW0195;"{""coordinates"": [2.325814319838129, 48.83252306871408], ""type"": ""Point""}";48.83252306871408,2.325814319838129
2 RUE GAZAN;PARC MONTSOURIS - GARDE COTY;75014;1;Opérationnel;PW0212;"{""coordinates"": [2.339872367385461, 48.82451919846646], ""type"": ""Point""}";48.82451919846646,2.339872367385461
22 RUE DEPARCIEUX;MAISON DE LA VIE ASSOCIATIVE ET CITOYENNE  14;75014;2;Opérationnel;PW0040;"{""coordinates"": [2.325821393195146, 48.8355916799591], ""type"": ""Point""}";48.8355916799591,2.325821393195146
2 PLACE FERDINAND BRUNOT;MAIRIE DU 14 EME;75014;1;Opérationnel;PW0035;"{""coordinates"": [2.326854356949057, 48.83299727958771], ""type"": ""Point""}";48.83299727958771,2.326854356949057
1 TER PLACE DENFERT ROCHEREAU;LES CATACOMBES DE PARIS;75014;2;Opérationnel;PW0239;"{""coordinates"": [2.332369291641684, 48.833795460239344], ""type"": ""Point""}";48.833795460239344,2.332369291641684
2 PLACE DENFERT ROCHEREAU;SQUARE CLAUDE NICOLAS LEDOUX;75014;2;Opérationnel;PW0199;"{""coordinates"": [2.332128518332322, 48.83423188051034], ""type"": ""Point""}";48.83423188051034,2.332128518332322
72 RUE DU MOULIN VERT;SQUARE DU CHANOINE VIOLLET;75014;1;Opérationnel;PW0185;"{""coordinates"": [2.320096490259549, 48.83129620230284], ""type"": ""Point""}";48.83129620230284,2.320096490259549
30 AVENUE ERNEST REYER;SQUARE SERMENT DE KOUFRA;75014;1;Opérationnel;PW0188;"{""coordinates"": [2.323034982175868, 48.82159345390936], ""type"": ""Point""}";48.82159345390936,2.323034982175868
5 RUE DE RIDDER;BIBLIOTHEQUE AIME CESAIRE;75014;3;Opérationnel;PW0053;"{""coordinates"": [2.311662332111938, 48.83123124818045], ""type"": ""Point""}";48.83123124818045,2.311662332111938
25 RUE DU COMMANDANT RENE MOUCHOTTE;BIBLIOTHEQUE BENOITE GROULT;75014;1;Opérationnel;PW0218;"{""coordinates"": [2.319875105283682, 48.838280307264014], ""type"": ""Point""}";48.838280307264014,2.319875105283682
RUE MOUTON DUVERNET;SQUARE ASPIRANT DUNAND;75014;1;Opérationnel;PW0063;"{""coordinates"": [2.326884536863806, 48.832155230735985], ""type"": ""Point""}";48.832155230735985,2.326884536863806
38 RUE GASSENDI;BIBLIOTHEQUE BRASSENS;75014;2;Opérationnel;PW0054;"{""coordinates"": [2.325855977890741, 48.8337666096961], ""type"": ""Point""}";48.8337666096961,2.325855977890741
PLACE FERDINAND BRUNOT;SQUARE FERDINAND BRUNOT;75014;1;Opérationnel;PW0065;"{""coordinates"": [2.326767226137216, 48.832851160952806], ""type"": ""Point""}";48.832851160952806,2.326767226137216
11 T RUE D ALESIA;GYMNASE ALICE MILLIAT;75014;1;Opérationnel;PW0094;"{""coordinates"": [2.336263839006833, 48.82716090943828], ""type"": ""Point""}";48.82716090943828,2.336263839006833
2 RUE GAZAN;PARC MONTSOURIS - GARDE GAZAN;75014;1;Opérationnel;PW0213;"{""coordinates"": [2.3398255642883, 48.82436764489121], ""type"": ""Point""}";48.82436764489121,2.3398255642883
2 RUE LOUIS ARMAND;CENTRE SPORTIF SUZANNE LENGLEN - ENTREE;75015;1;Opérationnel;PW0173-1;"{""coordinates"": [2.276576357106314, 48.83307064322777], ""type"": ""Point""}";48.83307064322777,2.276576357106314
31 RUE DE PECLET;MAIRIE DU 15 EME;75015;8;Opérationnel;PW0014;"{""coordinates"": [2.299884387584236, 48.841515749400145], ""type"": ""Point""}";48.841515749400145,2.299884387584236
8 RUE DE LA MONTAGNE D AULAS;BIBLIOTHEQUE GUTENBERG;75015;1;Opérationnel;PW0145;"{""coordinates"": [2.278706424214254, 48.84020760641956], ""type"": ""Point""}";48.84020760641956,2.278706424214254
13 RUE DU GENERAL GUILLAUMAT;CENTRE SPORTIF PLAINE;75015;1;Opérationnel;PW0088;"{""coordinates"": [2.293327610769408, 48.828033174092695], ""type"": ""Point""}";48.828033174092695,2.293327610769408
1 RUE EMILE HEMINGWAY;PREFOURRIERE BALARD;75015;1;Opérationnel;PW0228;"{""coordinates"": [2.275176007155638, 48.83759553433298], ""type"": ""Point""}";48.83759553433298,2.275176007155638
154 RUE LECOURBE;BIBLIOTHEQUE VAUGIRARD;75015;2;Opérationnel;PW0137;"{""coordinates"": [2.299350321997607, 48.84170750668819], ""type"": ""Point""}";48.84170750668819,2.299350321997607
69 RUE VILOLET;MAISON COMMUNALE;75015;1;Opérationnel;PW0240;"{""coordinates"": [2.291512472829773, 48.8455716174562], ""type"": ""Point""}";48.8455716174562,2.291512472829773
18 RUE ANTOINE BOURDELLE;MUSEE BOURDELLE;75015;14;Opérationnel;PW0241;"{""coordinates"": [2.318579339445639, 48.84308836802916], ""type"": ""Point""}";48.84308836802916,2.318579339445639
22 RUE DE LA SAIDA;MAISON DE LA VIE ASSOCIATIVE ET CITOYENNE 15;75015;2;Opérationnel;PW0031;"{""coordinates"": [2.295756095762723, 48.83183217258378], ""type"": ""Point""}";48.83183217258378,2.295756095762723
14 RUE MOISANT;ESPACE PARISIEN POUR L INSERTION 7 15 16;75015;1;Opérationnel;PW0162;"{""coordinates"": [2.317205761596205, 48.842310116893366], ""type"": ""Point""}";48.842310116893366,2.317205761596205
36-40 RUE EMERIAU;BIBLIOTHEQUE ANDRÉE CHEDID;75015;3;Opérationnel;PW0117;"{""coordinates"": [2.286136743745502, 48.84974131047438], ""type"": ""Point""}";48.84974131047438,2.286136743745502
2  RUE LOUIS ARMAND;CENTRE SPORTIF SUZANNE LENGLEN - STADE DE RUDBY;75015;1;Opérationnel;PW0173-2;"{""coordinates"": [2.276606159443164, 48.832881073674926], ""type"": ""Point""}";48.832881073674926,2.276606159443164
41 RUE D ALLERAY;BIBLIOTHEQUE MARGUERITE YOURCENAR;75015;7;Opérationnel;PW0046;"{""coordinates"": [2.303480802178814, 48.8368069210248], ""type"": ""Point""}";48.8368069210248,2.303480802178814
18 AVENUE DE LA PORTE BRANCION;CENTRE SPORTIF CHARLES RIGOULOT;75015;1;Opérationnel;PW0075;"{""coordinates"": [2.300417465508702, 48.82663359274811], ""type"": ""Point""}";48.82663359274811,2.300417465508702
2 RUE LOUIS ARMAND;CENTRE SPORTIF SUZANNE LENGLEN - TRIBUNE COUR DE TENNIS;75015;1;Opérationnel;PW0173;"{""coordinates"": [2.276832789549165, 48.832964670678884], ""type"": ""Point""}";48.832964670678884,2.276832789549165
1 PLACE DU ONZE NOVEMBRE 1918;JARDIN DU TROCADERO;75016;1;Opérationnel;PW0175;"{""coordinates"": [2.289349944365957, 48.8609372146897], ""type"": ""Point""}";48.8609372146897,2.289349944365957
10 AVENUE PIERRE IER DE SERBIE;JARDIN MUSEE GALLIERA;75016;1;Fermé pour travaux;;"{""coordinates"": [2.297298857641214, 48.86565971283047], ""type"": ""Point""}";48.86565971283047,2.297298857641214
6 RUE DU COMMANDANT SCHLOESING;BIBLIOTHEQUE GERMAINE TILLION;75016;3;Opérationnel;PW0113;"{""coordinates"": [2.284270791218422, 48.8618363825724], ""type"": ""Point""}";48.8618363825724,2.284270791218422
11 AVENUE DU PRESIDENT WILSON;MUSEE D ART MODERNE;75016;11;Opérationnel;PW0211;"{""coordinates"": [2.296997336665013, 48.864710182344766], ""type"": ""Point""}";48.864710182344766,2.296997336665013
82 AVENUE GEORGES LAFONT;STADE PIERRE DE COUBERTIN;75016;4;Opérationnel;PW0108;"{""coordinates"": [2.255760693346943, 48.83549894578003], ""type"": ""Point""}";48.83549894578003,2.255760693346943
30-32 BOULEVARD LANNES;CENTRE SPORTIF HENRY DE MONTHERLAND;75016;1;Opérationnel;PW0101;"{""coordinates"": [2.27212085380691, 48.86752280679387], ""type"": ""Point""}";48.86752280679387,2.27212085380691
71 AVENUE HENRI-MARTIN;MAIRIE DU 16 EME;75016;1;Opérationnel;PW0015;"{""coordinates"": [2.276652521898563, 48.86394077019892], ""type"": ""Point""}";48.86394077019892,2.276652521898563
10 AVENUE PIERRE 1ER DE SERBIE;MUSEE GALLIERA;75016;20;Opérationnel;PW0229;"{""coordinates"": [2.296493860761188, 48.86591178656071], ""type"": ""Point""}";48.86591178656071,2.296493860761188
1 ROUTE DES LACS A PASSY;PISCINE AUTEUIL;75016;1;Opérationnel;PW0102;"{""coordinates"": [2.261567482309456, 48.85815259404039], ""type"": ""Point""}";48.85815259404039,2.261567482309456
26 AVENUE DU GENERAL SARRAIL;STADE JEAN BOUIN;75016;5;Opérationnel;PW0107;"{""coordinates"": [2.255094888191177, 48.84392391670775], ""type"": ""Point""}";48.84392391670775,2.255094888191177
8 AVENUE FOCH;PREFOURRIERE FOCH;75016;1;Opérationnel;PW0230;"{""coordinates"": [2.291739344849886, 48.873812495377], ""type"": ""Point""}";48.873812495377,2.291739344849886
14-16 AVENUE RENE BOYLESVE;MAISON DE LA VIE ASSOCIATIVE ET CITOYENNE 16;75016;2;Opérationnel;PW0041;"{""coordinates"": [2.283836733756715, 48.856750474464604], ""type"": ""Point""}";48.856750474464604,2.283836733756715
20 RUE MUSSET;BIBLIOTHEQUE MUSSET;75016;1;Opérationnel;PW0140;"{""coordinates"": [2.263539698646935, 48.84208223736807], ""type"": ""Point""}";48.84208223736807,2.263539698646935
47 RUE RAYNOUARD;MUSEE BALZAC;75016;10;Opérationnel;PW0202;"{""coordinates"": [2.280717716603592, 48.855393597560735], ""type"": ""Point""}";48.855393597560735,2.280717716603592
18 RUE DES BATIGNOLLES;BIBLIOTHEQUE BATIGNOLLES;75017;1;Opérationnel;PW0133;"{""coordinates"": [2.322120945442446, 48.88475451404929], ""type"": ""Point""}";48.88475451404929,2.322120945442446
6 AVENUE DE LA PORTE DE CLICHY;CENTRE SPORTIF LEON BIANCOTTO;75017;1;Opérationnel;PW0098;"{""coordinates"": [2.311830475367834, 48.895768234519906], ""type"": ""Point""}";48.895768234519906,2.311830475367834
11 RUE NICOLAS CHUQUET;BIBLIOTHEQUE EDMOND ROSTAND;75017;3;Opérationnel;PW0104;"{""coordinates"": [2.303089705679941, 48.888394359209], ""type"": ""Point""}";48.888394359209,2.303089705679941
16/20 RUE DES BATIGNOLLES;MAIRIE DU 17 EME;75017;2;Opérationnel;PW0016;"{""coordinates"": [2.321834360309547, 48.88449376861104], ""type"": ""Point""}";48.88449376861104,2.321834360309547
25 RUE LANTIEZ;MAISON DE LA VIE ASSOCIATIVE ET CITOYENNE  17;75017;1;Opérationnel;PW0042;"{""coordinates"": [2.323751423106822, 48.89503066621169], ""type"": ""Point""}";48.89503066621169,2.323751423106822
79 RUE DE LA JONQUIERE;PISCINE BERNARD LAFAY;75017;1;Opérationnel;PW0100;"{""coordinates"": [2.318817242332568, 48.89464799028464], ""type"": ""Point""}";48.89464799028464,2.318817242332568
17 BOULEVARD DE REIMS;SQUARE ANDRE ULMANN;75017;1;Opérationnel;PW0166;"{""coordinates"": [2.298941389477171, 48.889900397604244], ""type"": ""Point""}";48.889900397604244,2.298941389477171
6 RUE FOURNEYRON;BIBLIOTHEQUE COLETTE VIVIER;75017;1;Opérationnel;PW0003;"{""coordinates"": [2.31964337343766, 48.889783335019025], ""type"": ""Point""}";48.889783335019025,2.31964337343766
54 BOULEVARD NEY;ESPACE GLISSE DES FILLETTES;75018;1;Opérationnel;PW0093;"{""coordinates"": [2.363506935109957, 48.89875981393057], ""type"": ""Point""}";48.89875981393057,2.363506935109957
16-30 AVENUE DE LA PORTE MONTMARTRE;BIBLIOTHEQUE JACQUELINE DE ROMILLY;75018;2;Opérationnel;PW0198;"{""coordinates"": [2.335873500895438, 48.9003798743325], ""type"": ""Point""}";48.9003798743325,2.335873500895438
FACE AU 133 RUE BELLIARD;KIOSQUE CITOYEN 18;75018;1;Opérationnel;PW0249;"{""coordinates"": [2.334660151483012, 48.89635773480957], ""type"": ""Point""}";48.89635773480957,2.334660151483012
2 RUE JEAN COCTEAU;CENTRE SPORTIF POISSONNIERS;75018;1;Fermé pour travaux;PW0091;"{""coordinates"": [2.351991975265798, 48.899685926165404], ""type"": ""Point""}";48.899685926165404,2.351991975265798
12 RUE RENE BINET;CENTRE SPORTIF BERTRAND DAUVIN;75018;1;Opérationnel;PW0089;"{""coordinates"": [2.3420540980918902, 48.89948663873551], ""type"": ""Point""}";48.89948663873551,2.3420540980918902
15 PASSAGE RAMEY;MAISON DE LA VIE ASSOCIATIVE ET CITOYENNE 18;75018;3;Opérationnel;PW0032;"{""coordinates"": [2.347335497120627, 48.890069083043606], ""type"": ""Point""}";48.890069083043606,2.347335497120627
18B RUE DU DEPARTEMENT;JARDIN D EOLE - 2;75018;2;Opérationnel;PW0170-1;"{""coordinates"": [2.365047829562393, 48.88583365457024], ""type"": ""Point""}";48.88583365457024,2.365047829562393
1 PLACE JULES JOFFRIN;MAIRIE DU 18 EME;75018;1;Opérationnel;PW0023;"{""coordinates"": [2.3446872129632013, 48.89230355785122], ""type"": ""Point""}";48.89230355785122,2.3446872129632013
29 RUE HERMEL;BIBLIOTHEQUE ROBERT SABATIER;75018;5;Opérationnel;PW0236;"{""coordinates"": [2.344436320114187, 48.89153632102746], ""type"": ""Point""}";48.89153632102746,2.344436320114187
18B RUE DU DEPARTEMENT;JARDIN D EOLE - 1;75018;2;Opérationnel;PW0170;"{""coordinates"": [2.365475797194539, 48.886450569436604], ""type"": ""Point""}";48.886450569436604,2.365475797194539
26B RUE PAJOL;BIBLIOTHEQUE VACLAV HAVEL;75018;4;Opérationnel;PW0009;"{""coordinates"": [2.363209973631121, 48.890106154134955], ""type"": ""Point""}";48.890106154134955,2.363209973631121
22T RUE PAJOL;CENTRE SPORTIF ZAC PAJOL;75018;1;Opérationnel;PW0092;"{""coordinates"": [2.3630676012052962, 48.88959479724705], ""type"": ""Point""}";48.88959479724705,2.3630676012052962
19 RUE TRISTAN TZARA;BIBLIOTHEQUE MAURICE GENEVOIX;75018;1;Opérationnel;PW0007;"{""coordinates"": [2.363900713494337, 48.8949645929562], ""type"": ""Point""}";48.8949645929562,2.363900713494337
2-4 RUE FLEURY;BIBLIOTHEQUE GOUTTE D OR;75018;4;Opérationnel;PW0006;"{""coordinates"": [2.3541416014207712, 48.88446312981792], ""type"": ""Point""}";48.88446312981792,2.3541416014207712
20 RUE EDOUARD PAILLERON;MAISON DE LA VIE ASSOCIATIVE ET CITOYENNE  19;75019;1;Opérationnel;PW0033;"{""coordinates"": [2.376545106225318, 48.880406153498086], ""type"": ""Point""}";48.880406153498086,2.376545106225318
18 RUE JANSSEN;BIBLIOTHEQUE PLACE DES FETES;75019;3;Opérationnel;PW0008;"{""coordinates"": [2.397637583708677, 48.87936484092137], ""type"": ""Point""}";48.87936484092137,2.397637583708677
37 ROUTE DES PETITS PONTS;CENTRE SPORTIF JULES LADOUMEGUE;75019;1;Opérationnel;PW0083;"{""coordinates"": [2.397787506964459, 48.89300517697759], ""type"": ""Point""}";48.89300517697759,2.397787506964459
5 PLACE ARMAND CARREL;MAIRIE DU 19 EME;75019;1;Opérationnel;PW0017;"{""coordinates"": [2.381917974125571, 48.88279457828256], ""type"": ""Point""}";48.88279457828256,2.381917974125571
1 RUE BOTZARIS;PARC DES BUTTES CHAUMONT - VILLETTE;75019;1;Opérationnel;PW0159;"{""coordinates"": [2.388327637394474, 48.879681746818164], ""type"": ""Point""}";48.879681746818164,2.388327637394474
1B RUE DE LA MARSEILLAISE;SQUARE DE LA MARSEILLAISE;75019;1;Opérationnel;PW0064;"{""coordinates"": [2.398062243029121, 48.887286841813356], ""type"": ""Point""}";48.887286841813356,2.398062243029121
114 AVENUE DE FLANDRE;EPI FLANDRE;75019;1;Opérationnel;PW0234;"{""coordinates"": [2.378918028566611, 48.891953718779206], ""type"": ""Point""}";48.891953718779206,2.378918028566611
18 BOULEVARD SERURIER;ARCHIVES DE PARIS;75019;1;Opérationnel;PW0246;"{""coordinates"": [2.4058081248559793, 48.87803821682543], ""type"": ""Point""}";48.87803821682543,2.4058081248559793
1 RUE BOTZARIS;PARC DES BUTTES CHAUMONT - BOLIVAR;75019;1;Opérationnel;PW0159-1;"{""coordinates"": [2.381017420133907, 48.87647305121453], ""type"": ""Point""}";48.87647305121453,2.381017420133907
15 RUE DE LA MARSEILLAISE;PREFOURRIERE PANTIN;75019;1;Opérationnel;PW0231;"{""coordinates"": [2.398020912550891, 48.88861651829492], ""type"": ""Point""}";48.88861651829492,2.398020912550891
5 RUE DES LILAS;CENTRE SPORTIF DES LILAS;75019;1;Opérationnel;PW0081;"{""coordinates"": [2.395421266947553, 48.87790680084419], ""type"": ""Point""}";48.87790680084419,2.395421266947553
6 RUE FESSART;BIBLIOTHEQUE FESSART;75019;1;Opérationnel;PW0005;"{""coordinates"": [2.388184228076371, 48.87626878314261], ""type"": ""Point""}";48.87626878314261,2.388184228076371
4 PLACE ARMAND CARREL;PARC DES BUTTES CHAUMONT - CARREL;75019;2;Opérationnel;PW0182;"{""coordinates"": [2.38270542559956, 48.88279406334443], ""type"": ""Point""}";48.88279406334443,2.38270542559956
3 RUE BOTZARIS;PARC DES BUTTES CHAUMONT - FESSARD;75019;3;Opérationnel;PW0159-2;"{""coordinates"": [2.381090100033082, 48.8779490325857], ""type"": ""Point""}";48.8779490325857,2.381090100033082
176 BOULEVARD MACDONALD;SQUARE CLAUDE BERNARD;75019;1;Opérationnel;PW0209;"{""coordinates"": [2.381583528155401, 48.898295887695575], ""type"": ""Point""}";48.898295887695575,2.381583528155401
42-44 RUE PETIT;BIBLIOTHEQUE CRIMEE;75019;1;Opérationnel;PW0004;"{""coordinates"": [2.383050187514214, 48.88488201636432], ""type"": ""Point""}";48.88488201636432,2.383050187514214
PLACE DES FETES;CAPLA PLACE DES FETES;75019;1;Opérationnel;PW0242;"{""coordinates"": [2.39380457726503, 48.87680703227946], ""type"": ""Point""}";48.87680703227946,2.39380457726503
141 AVENUE DE FLANDRE;BIBLIOTHEQUE BENJAMIN RABIER;75019;2;Opérationnel;PW0001;"{""coordinates"": [2.379122839458274, 48.89276109370963], ""type"": ""Point""}";48.89276109370963,2.379122839458274
35-45 AVENUE DE FLANDRE;BIBLIOTHEQUE CLAUDE LEVI STRAUSS;75019;2;Opérationnel;PW0002;"{""coordinates"": [2.371473050466415, 48.88676697087047], ""type"": ""Point""}";48.88676697087047,2.371473050466415
2 RUE DU DEPARTEMENT;BIBLIOTHEQUE HERGE;75019;1;Opérationnel;PW0139;"{""coordinates"": [2.367235014082817, 48.885013626409254], ""type"": ""Point""}";48.885013626409254,2.367235014082817
2 RUE PIERRE REVERDY;SQUARE MARCEL MOULOUDJI;75019;1;Opérationnel;PW0167;"{""coordinates"": [2.376354191052253, 48.88527540480052], ""type"": ""Point""}";48.88527540480052,2.376354191052253
41 QUAI DE LA LOIRE;BASE NAUTIQUE DE LA VILLETTE;75019;1;Opérationnel;PW0078;"{""coordinates"": [2.378891594800032, 48.88752363166016], ""type"": ""Point""}";48.88752363166016,2.378891594800032
109-115 RUE DE BAGNOLET;BIBLIOTHEQUE MARGUERITE DURAS;75020;11;Opérationnel;PW0045;"{""coordinates"": [2.403226998544119, 48.85983876871812], ""type"": ""Point""}";48.85983876871812,2.403226998544119
45 RUE DES COURONNES;PARC DE BELLEVILLE - 1;75020;1;Opérationnel;PW0057;"{""coordinates"": [2.384237750061385, 48.870590463867536], ""type"": ""Point""}";48.870590463867536,2.384237750061385
296 RUE DES PYRENEES;CENTRE SPORTIF PYRENEES;75020;1;Opérationnel;PW0072;"{""coordinates"": [2.392302500371264, 48.8719533728045], ""type"": ""Point""}";48.8719533728045,2.392302500371264
29/35 RUE DES HAIES;BIBLIOTHEQUE LOUISE MICHEL;75020;2;Opérationnel;PW0130;"{""coordinates"": [2.401212788267676, 48.85329554638978], ""type"": ""Point""}";48.85329554638978,2.401212788267676
83-91 RUE DES HAIES;GYMNASE VIGNOLES EST;75020;1;Opérationnel;PW0073;"{""coordinates"": [2.403902885604971, 48.85524049982195], ""type"": ""Point""}";48.85524049982195,2.403902885604971
30 RUE LOUIS LUMIERE;CENTRE SPORTIF LOUIS LUMIERE;75020;1;Opérationnel;PW0105;"{""coordinates"": [2.411645684536093, 48.85919821308154], ""type"": ""Point""}";48.85919821308154,2.411645684536093
18 RUE RAMUS;MAISON DE LA VIE ASSOCIATIVE ET CITOYENNE 20;75020;2;Opérationnel;PW0187;"{""coordinates"": [2.3987890642197662, 48.86270432644075], ""type"": ""Point""}";48.86270432644075,2.3987890642197662
17 RUE SORBIER;BIBLIOTHEQUE SORBIER;75020;2;Opérationnel;PW0129;"{""coordinates"": [2.392851974569112, 48.86596158237579], ""type"": ""Point""}";48.86596158237579,2.392851974569112
1 RUE REYNALDO HAHN;BIBLIOTHEQUE ASSIA DJEBARD;75020;6;Opérationnel;PW0144;"{""coordinates"": [2.412098158335315, 48.84923399718691], ""type"": ""Point""}";48.84923399718691,2.412098158335315
66 RUE DES COURONNES;BIBLIOTHEQUE NAGUIB MAHFOUZ;75020;1;Opérationnel;PW0048;"{""coordinates"": [2.385219826057544, 48.870162555019036], ""type"": ""Point""}";48.870162555019036,2.385219826057544
27 RUE PIAT;PARC DE BELLEVILLE (PARIS NATURE MAISON DE L'AIR);75020;1;Fermé pour travaux;PW0168;"{""coordinates"": [2.384924750509342, 48.87160514880642], ""type"": ""Point""}";48.87160514880642,2.384924750509342
12 RUE DU TELEGRAPHE;BIBLIOTHEQUE OSCAR WILDE;75020;1;Opérationnel;PW0061;"{""coordinates"": [2.399816293218798, 48.87202610578211], ""type"": ""Point""}";48.87202610578211,2.399816293218798
45-47 RUE DES COURONNES;SQUARE BELLEVILLE;75020;1;Opérationnel;PW0204;"{""coordinates"": [2.384806632308035, 48.8703088766318], ""type"": ""Point""}";48.8703088766318,2.384806632308035
1 RUE PAUL MEURICE;GYMNASE PAUL MEURICE;75020;1;Opérationnel;PW0085;"{""coordinates"": [2.412137679731794, 48.874026500733024], ""type"": ""Point""}";48.874026500733024,2.412137679731794
4/12 RUE DENOYEZ;CENTRE SPORTIF ALFRED NAKACHE;75020;1;Opérationnel;PW0071;"{""coordinates"": [2.378677035345246, 48.8714830647833], ""type"": ""Point""}";48.8714830647833,2.378677035345246
6 PLACE GAMBETTA;MAIRIE DU 20 EME;75020;1;Opérationnel;PW0018;"{""coordinates"": [2.3989977002640392, 48.865091139066706], ""type"": ""Point""}";48.865091139066706,2.3989977002640392
59 BOULEVARD DAVOUT;JARDIN GARE DE CHARONNE;75020;1;Opérationnel;PW0055;"{""coordinates"": [2.4105606441583802, 48.852312152208874], ""type"": ""Point""}";48.852312152208874,2.4105606441583802
92 RUE MERMOZ LA COURNEUVE;FOURRIERE LA COURNEUVE;93120;1;En étude;;"{""coordinates"": [2.408745633623746, 48.93254696974426], ""type"": ""Point""}";48.93254696974426,2.408745633623746
11 RUE DES CHAMPS BONNEUIL SUR MARNE;FOURRIERE BONNEUIL;94380;1;Opérationnel;PW0245;"{""coordinates"": [2.499478391866005, 48.76286105418927], ""type"": ""Point""}";48.76286105418927,2.499478391866005